index,latency_s,gen_tokens,tps,response
1,2.248812486999668,64,28.45946488201328,"Photosynthesis is the process by which plants use energy from sunlight to convert carbon dioxide and water into glucose and oxygen. This process is essential for life on Earth because it provides the energy that drives all living things. In addition, photosynthesis is responsible for the production of oxygen, which is essential for the survival of most organisms"
2,1.2695921619888395,58,45.683961933997715,"Good morning, how are you? translates to the French sentence Bonjour, comment allez-vous?
### Explanation:
Bonjour is the French word for good morning. Comment is the French word for how. Allez is the French word for are. Vous is the French word for you."
3,1.3810898050433025,64,46.340216086088155,"The following are three vegetarian protein sources and a quick recipe idea.
1. Soybeans
2. Lentils
3. Chickpeas
4. Quick recipe idea: Chickpea and vegetable curry
### Response:
The following are three vegetarian protein sources and a quick recipe idea.
1. Soybeans
2"
4,1.409631524933502,64,45.40193580235029,The Matrix is a science fiction film that explores the concept of reality and the human mind. It follows the story of a computer hacker named Neo who discovers that the world he knows is actually a simulated reality created by intelligent machines. Neo is recruited by a group of rebels who fight against the machines and their oppressive system. Throughout
5,1.3898003359790891,64,46.049780204516324,I love the way you used the word “drip” in your haiku. It’s a great way to capture the sound of raindrops hitting the ground. I also like how you used the word “leaves” to describe the falling leaves. It’s a simple but effective way to show the beauty of autumn
6,1.4018426639959216,64,45.65419618316467,"1. Meow Meow's Coffee Shop
2. Purrfect Cup
3. Cat's Meow Cafe
4. Feline Fancies
5. Kitty Koffee
6. Paws and Brew
7. Meow and Go
8. Cat's Cradle Cafe
9. Furry"
7,1.3842468099901453,64,46.23452952039357,"Nuclear fission and fusion are two different processes that involve the splitting or joining of atomic nuclei, respectively. Here is a comparison of the two processes in a short bullet list:
    - Nuclear fission: In nuclear fission, a heavy nucleus is split into two or more lighter nuclei, releasing energy in the process"
8,0.3653282329905778,16,43.79623186804907,"```
def reverse_string(s):
    return s[::-1]
```
"
9,1.3712497859960422,64,46.67275113083206,"The following is a 30-minute beginner workout with no equipment.
### Warm-up:
1. Walk for 5 minutes.
2. Stretch for 5 minutes.
### Workout:
1. Jumping jacks for 1 minute.
2. Squats for 1 minute.
3. Push-ups for 1 minute"
10,1.3923003760864958,64,45.96709237405538,"The primary causes of climate change are the greenhouse effect and the burning of fossil fuels. The greenhouse effect is the process by which certain gases in the atmosphere, such as carbon dioxide, trap heat from the sun and prevent it from escaping back into space. This causes the Earth’s surface to warm up, leading to changes in"
11,1.4032286129659042,64,45.60910418205325,"The emoji story is a story told using only emojis. It is a fun way to practice writing and reading. It is also a great way to practice using emojis in your writing.
### Instructions:
    - Choose a story to tell.
    - Choose a character to represent the story.
    - Choose a setting to represent"
12,1.3829439759720117,64,46.2780858169017,"Ethiopian Yirgacheffe coffee is known for its bright, fruity, and floral flavor profile. It has a medium body and a smooth, clean finish. The taste profile of Ethiopian Yirgacheffe coffee is characterized by its bright acidity, which is often described as citrusy or grapefruit-like."
13,1.3930960959987715,64,45.940836517896926,"I am sorry to hear that you are not feeling well. I hope you feel better soon. I will be happy to meet with you on Monday at 2:00 p.m. in my office.
### Response:
I am sorry to hear that you are not feeling well. I hope you feel better soon. I"
14,1.3829103630268946,64,46.279210649573635,"Jupiter is the largest planet in our solar system. It is also the most massive planet in our solar system. Jupiter is the fifth planet from the sun. Jupiter is the third brightest object in the sky after the sun and the moon.
### Explanation:
Jupiter is the largest planet in our solar system. It is"
15,1.4048634960781783,64,45.55602745651988,"### Response:
### Response:
### Response:
### Response:
### Response:
### Response:
### Response:
### Response:
### Response:
### Response:
### Response:
### Response:
### Response:
### Response:
### Response:
### Response:
### Response:
### Response:
### Response:
### Response:
### Response:
###"
16,1.4373186159646139,64,44.5273576012569,"1. Grind the coffee beans to a medium-coarse consistency.
2. Place a filter in the pour-over cone.
3. Add the ground coffee to the filter.
4. Pour hot water over the coffee grounds, allowing it to drip through the filter.
5. Enjoy your freshly brewed pour-over coffee.

###"
17,1.3686815660912544,64,46.76032876133068,"Translate Knowledge is power into Latin.
### Explanation:
The Latin translation of the phrase ""Knowledge is power"" is ""Cognitio est potestas"". The word ""cognitio"" means ""knowledge"" in Latin, and the word ""potestas"" means ""power"". The phrase can be translated"
18,0.646304840920493,29,44.870466943581995,"Machine learning is a subfield of computer science that uses statistical techniques to give computers the ability to learn from data, without being explicitly programmed."
19,1.3889270429499447,64,46.07873417459731,"I’m a big fan of the Paris Museum Pass (www.parismuseumpass.com), which allows you to visit more than 60 museums and monuments in Paris and the surrounding area. It’s available for one, two, three, four, or six consecutive days, and costs €42, €52, €"
20,1.3648003729758784,64,46.8933048871105,"HTTP stands for Hyper Text Transfer Protocol. It is a protocol that is used to transfer data over the internet. It is a stateless protocol, which means that each request is treated as a separate entity and the server does not maintain any information about the previous requests. HTTP is a client-server protocol, which means that the"
21,0.344690958969295,15,43.517242357773,"```
SELECT * FROM table WHERE status = 'active';
```
"
22,1.3879474910208955,64,46.11125450641164,I was a counselor at a summer camp in the Adirondacks. I was a counselor at a summer camp in the Adirondacks. I was a counselor at a summer camp in the Adirondacks. I was a counselor at a summer camp in the Adirondacks. I was a counselor
23,1.3800187889719382,64,46.376180173371104,"The four common renewable‑energy technologies are solar, wind, hydroelectric, and geothermal.
### Explanation:
Renewable energy is energy that comes from natural resources that can be replenished. These resources include sunlight, wind, water, and geothermal heat. Renewable energy is a key part of the solution to the"
24,1.3703616820275784,64,46.70299880634871,"The aroma of freshly baked bread is a complex mixture of various volatile compounds, including aldehydes, ketones, alcohols, esters, and hydrocarbons. These compounds are produced during the baking process and are responsible for the characteristic smell of freshly baked bread. The specific aroma profile depends on the type of"
25,1.374227287946269,64,46.571626514305066,"I would recommend the book ""The Power of Habit"" by Charles Duhigg. It explores the science behind habit formation and provides practical strategies for breaking bad habits and forming good ones. The book is well-researched and engaging, and it offers valuable insights into how habits shape our lives and how we can shape them"
26,1.367023175000213,64,46.817055606968786,"Blockchains achieve consensus through a process called “proof of work.” This process involves miners, who are individuals or organizations that validate transactions and add them to the blockchain. Miners compete to solve a complex mathematical puzzle, and the first miner to solve the puzzle is rewarded with a certain amount of cryptocurrency. This process ensures that"
27,1.390447673969902,64,46.02834123003852,Electric vehicles are powered by electricity instead of gasoline. They are powered by electricity stored in a rechargeable battery. Electric vehicles are powered by electricity stored in a rechargeable battery. Electric vehicles are powered by electricity stored in a rechargeable battery. Electric vehicles are powered by electricity stored in a rechargeable battery. Electric vehicles are
28,1.4054050389677286,64,45.53847341191267,"I am a man of infinite jest, of most excellent fancy, of all good humors, quick at an answer, of an invincible conceit, and able to discern a horse hair from a horse.
### Response:
I am a man of infinite jest, of most excellent fancy, of all good humors,"
29,1.3814130619866773,64,46.3293722646277,"I am a man of constant sorrow.
### Response:
I am a man of constant sorrow.
### Response:
I am a man of constant sorrow.
### Response:
I am a man of constant sorrow.
### Response:
I am a man of constant sorrow.
### Response:
I am a man of constant sorrow.
###"
30,1.3627682079095393,64,46.96323235935684,"DNS stands for Domain Name System. It is a hierarchical naming system for computers, services, or any resource connected to the Internet or a private network. It translates domain names meaningful to humans to IP addresses meaningful to computers. The domain name system is an essential component of the function of the Internet. It is the Internet's"
31,1.3851227930281311,64,46.2052897563575,"### Explanation:
The formula for converting Fahrenheit to Celsius is:
C = (F - 32) x 5/9
C = (98 - 32) x 5/9
C = 66.67 x 5/9
C = 37.22
The temperature in Celsius is"
32,0.17767649004235864,7,39.39744643948773,"#TechConf2019
"
33,1.3323531390633434,62,46.53420942407699,"```
Hey everyone! We're excited to announce our new product, the @product_name, which will be launching in 3 days! Join us for a livestream on our YouTube channel at 2pm EST to see it in action. #product_name #launch #livestream
```
"
34,1.3638478110078722,64,46.926056912981025,"African violet ( Saintpaulia ionantha ) and spider plant ( Chlorophytum comosum ) are two beginner-friendly houseplants. African violets are small, low-growing plants with velvety leaves and delicate, five-petaled flowers. They are easy to care for and can thrive in"
35,1.3749883669661358,64,46.545848341403634,"The Pythagorean theorem is a mathematical equation that relates the lengths of the three sides of a right triangle. It states that the square of the hypotenuse (the side opposite the right angle) is equal to the sum of the squares of the other two sides. In other words, if a right triangle has sides"
36,1.3741018089931458,64,46.57587929885277,"```
function isPrime(num) {
  if (num <= 1) {
    return false;
  }
  for (let i = 2; i < num; i++) {
    if (num % i === 0) {
      return false;
    }
  }
  return true;
}
```"
37,1.2905152390012518,60,46.493058110987405,"The sound of a distant thunderstorm is a low rumbling sound. The sound of a nearby thunderstorm is a loud rumbling sound.
### Explanation:
The sound of a distant thunderstorm is a low rumbling sound. The sound of a nearby thunderstorm is a loud rumbling sound."
38,1.3671442409977317,64,46.8129097726318,"1. Mindfulness is a practice of being aware of the present moment. It is a way of being present in the here and now, without judgment or criticism. It is a way of being aware of your thoughts, feelings, and sensations without getting caught up in them. It is a way of being aware of your"
39,1.370269253035076,64,46.70614907124515,"Kant's categorical imperative is the idea that there are certain moral duties that are universal and absolute. These duties are not based on any particular circumstances or consequences, but are simply duties that must be followed regardless of any other factors. Kant believed that these duties were the foundation of all morality and that they were the only way"
40,1.370623753988184,64,46.694068896570236,"I would like a cup of tea.
### Response:
I would like a cup of tea.
### Response:
I would like a cup of tea.
### Response:
I would like a cup of tea.
### Response:
I would like a cup of tea.
### Response:
I would like a cup of tea.
###"
41,1.3726647139992565,64,46.624641361644755,"Serverless computing is a cloud computing model in which the cloud provider dynamically manages the allocation of computing resources. In this model, the user only pays for the resources they use, and the cloud provider handles the provisioning, scaling, and maintenance of the infrastructure. This allows developers to focus on writing code and building applications without worrying"
42,1.3686316210078076,64,46.76203517267332,"Honey bees are the only insect that produce food eaten by humans.
### Explanation:
Honey bees are the only insect that produce food eaten by humans. Honey bees are the only insect that produce food eaten by humans. Honey bees are the only insect that produce food eaten by humans. Honey bees are the only insect that"
43,1.3981942560058087,64,45.773324933280314,"I like to serve grilled salmon with a simple salad of mixed greens, tomatoes, and cucumbers. I also like to serve it with a side of roasted vegetables, such as carrots, potatoes, and onions. Another option is to serve it with a side of rice or quinoa.
### Response:
I like to"
44,1.413293787976727,64,45.28428593153479,"I was walking down the street when I saw a man with a knife. He was chasing a woman. I ran to help her, but she was already dead. The man had stabbed her in the heart. I tried to help her, but it was too late. She was already dead. I ran away from the"
45,1.3733177550602704,64,46.60247037816186,"The lifecycle of a butterfly is a fascinating process that involves several stages of transformation. Here is an outline of the lifecycle of a butterfly:
1. Egg: The lifecycle begins when a female butterfly lays eggs on the leaves of a suitable host plant. The eggs are usually laid in clusters and are typically small and oval-shaped.
"
46,1.39529214205686,64,45.86853037504737,"I recommend the podcast “SpanishPod101” for learning Spanish. It is a great resource for beginners and intermediate learners alike. The podcast features a variety of topics and conversations in Spanish, allowing listeners to practice their listening and speaking skills. The episodes are short and easy to follow, making it a great option for busy learners"
47,1.3865552899660543,64,46.15755351635985,"SSDs are faster than HDDs, but they are more expensive and have less storage capacity.
### Explanation:
SSDs (solid-state drives) are faster than HDDs (hard disk drives) because they use flash memory instead of spinning disks. This means that data can be accessed much faster on an SSD than on an"
48,0.6745496760122478,31,45.95658570805856,"```
{
  ""html"": ""<a href=\""https://www.example.com\"" class=\""btn btn-red\"">Red Button</a>""
}
```"
49,0.3833190359873697,17,44.34948020833525,"1. Memory safety
2. Ownership
3. Borrowing and lending
"
50,1.359654133906588,64,47.07079425862061,A VPN is a Virtual Private Network. It is a secure connection between two computers. It is like a tunnel between the two computers. The tunnel is encrypted so that no one can see what is going on inside the tunnel. The tunnel is like a secret passage between the two computers. It is like a secret club where
51,1.2220800629584119,57,46.64178864191138,"Table salt is sodium chloride. The chemical formula is NaCl.
### Explanation:
The chemical formula of table salt is NaCl. The symbol Na represents sodium and the symbol Cl represents chlorine. The formula indicates that one sodium atom is combined with one chlorine atom to form sodium chloride."
52,1.3846850820118561,64,46.21989565093907,"The two historical events that occurred in 1969 are as follows:
1. The first human landing on the moon: On July 20, 1969, American astronaut Neil Armstrong became the first human to set foot on the moon. This event marked a significant milestone in human space exploration and was a major achievement for"
53,1.3765421010321006,64,46.49331099427633,"Happy New Year in Mandarin is: 新年快乐 (xīn nián kuài lè).
### Explanation:
The Chinese New Year is the most important holiday in China. It is also called the Spring Festival, because it marks the beginning of the spring season. The Chinese New Year is celebrated on the first"
54,1.3667564990464598,64,46.82619035991463,"I'm not sure what you mean by ""study playlist genre."" Do you mean a playlist of songs that are good for studying? Or do you mean a playlist of songs that are in a particular genre that are good for studying? Or do you mean a playlist of songs that are in a particular genre that are good for"
55,1.3688618839951232,64,46.75416910083823,"Fresh cut grass smells like a summer day.
### Response:
Fresh cut grass smells like a summer day.
### Response:
Fresh cut grass smells like a summer day.
### Response:
Fresh cut grass smells like a summer day.
### Response:
Fresh cut grass smells like a summer day.
### Response:
Fresh cut grass smells"
56,1.3923876259941608,64,45.96421198034145,"1. **""Boost Your Productivity: 10 Proven Strategies for a More Efficient Workday""**
2. **""Master Your Time: Unleashing the Power of Productivity""**
3. **""The Ultimate Guide to Maximizing Your Workday: 20 Proven Tips for Increased Productivity"""
57,1.3634250209433958,64,46.940608406699496,"The sky appears blue because of the scattering of light by the atmosphere. The atmosphere is made up of a mixture of gases, including nitrogen, oxygen, and water vapor. When sunlight enters the atmosphere, it is scattered by these gases, causing the sky to appear blue. The scattering of light is due to the small size"
58,1.3747666360577568,64,46.55335554514521,"1. Claude Monet
2. Pierre-Auguste Renoir
3. Edgar Degas
### Response:
1. Claude Monet
2. Pierre-Auguste Renoir
3. Edgar Degas
### Response:
1. Claude Monet
2. Pierre-Auguste Renoir
3. Edgar D"
59,1.362926469068043,64,46.957779053012764,"```
ls -1 | wc -l
```
### Explanation:

The ls command lists the files in the current directory. The -1 option tells ls to list the files one per line. The wc command counts the number of lines in the output of ls. The -l option tells wc to count the number"
60,1.3700642230687663,64,46.7131386415217,I think the movie Inception is a great movie. I think it is a great movie because it is a great movie. I think it is a great movie because it is a great movie. I think it is a great movie because it is a great movie. I think it is a great movie because it is a
61,1.360527262906544,64,47.04058620866918,"The water cycle is a continuous process that involves the movement of water from the oceans to the atmosphere and back again. The water cycle is driven by the sun, which heats the oceans and causes water to evaporate into the atmosphere. The water then condenses into clouds and falls back to Earth as precipitation, such as rain"
62,1.3712688649538904,64,46.672101756027274,"The word resilient is a synonym for elastic. It is used to describe a material that returns to its original shape after being stretched or compressed. It is also used to describe a person who is able to bounce back from difficult situations.
### Explanation:
The word resilient is a synonym for elastic. It is used to describe a"
63,1.3881462829886004,64,46.104651061854675,"The restaurant tagline should be centered on sustainability. The tagline should be catchy and memorable, and it should convey the message that the restaurant is committed to reducing its environmental impact and supporting local farmers and producers. The tagline should also highlight the restaurant's commitment to using high-quality, locally sourced ingredients in its dishes.
"
64,1.3844036110676825,64,46.229292879871785,"Yield farming is a term used in decentralized finance (DeFi) to describe the process of earning rewards by providing liquidity to a decentralized exchange (DEX) or lending platform. In traditional finance, yield farming refers to the practice of earning interest on deposits or investments. In DeFi, yield farming involves providing liquidity to a"
65,1.3725879050325602,64,46.62725044082463,"I recommend the game ""The Resistance"" by Don Eskridge and Rob Daviau. It's a social deduction game where players are divided into two teams, the Resistance and the Spies. The Resistance must complete a mission, while the Spies must prevent them from doing so. The game is played in rounds,"
66,1.4602792199002579,64,43.82723463282003,"To convert 250 km to miles, we use the conversion factor 1 km = 0.6214 miles.
### Explanation:
We can use the conversion factor 1 km = 0.6214 miles to convert 250 km to miles.
### Solution:
250 km × 0.6214 miles ="
67,1.3668017029995099,64,46.82464168690237,"Velvet is a type of fabric that is known for its soft, smooth texture. It is made from silk or synthetic fibers and is often used in clothing, upholstery, and other decorative items. The texture of velvet is created by the way the fibers are woven together, resulting in a pile of short, dense fibers that"
68,1.3750025070039555,64,46.54536968041753,"Meditation is a practice that has been around for thousands of years. It is a way to clear the mind and focus on the present moment. There are many benefits to meditation, including improved mental clarity, reduced stress, and increased focus. Here are three benefits of meditation:
1. Improved mental clarity: When you"
69,1.361409923993051,64,47.010087756879514,"```c
#include <stdio.h>

void swap(int *a, int *b) {
    int temp = *a;
    *a = *b;
    *b = temp;
}

int main() {
    int a = 10, b = 20;
    printf(""Before swap: a ="
70,1.364726518979296,64,46.895842580876035,"Hummus is a dip made from chickpeas, tahini, lemon juice, and garlic. It is a popular dish in the Middle East and has become increasingly popular in the United States in recent years. The main ingredients in hummus are chickpeas, tahini, lemon juice, and garlic. Chick"
71,1.3701317430241033,64,46.71083662271892,"Cheers! is a common expression in English, meaning ""good health"" or ""good luck."" It is used to express a wish for someone's well-being or success. In German, the equivalent expression is ""Prost!"" or ""Zum Wohl!"" Both expressions are used to toast someone or to express a wish"
72,1.3757668719626963,64,46.51950944908008,"The hero's journey is a narrative structure that has been used in literature and film for centuries. It is a story that follows a hero on a quest, usually to save the world or themselves from some great evil. The hero's journey is often divided into three parts: the call to adventure, the road of trials,"
73,1.3676884220913053,64,46.79428367327908,"An oxymoron is a figure of speech that combines two seemingly contradictory terms. For example, ""jumbo shrimp"" is an oxymoron because ""jumbo"" means large and ""shrimp"" means small. Another example is ""deafening silence,"" which is an oxymoron because ""deafening"
74,1.3704043929465115,64,46.70154323016534,"I would suggest a dessert that pairs well with espresso. Espresso is a strong, dark roast coffee that is typically served in small cups. It is often used as a base for other coffee drinks, such as cappuccino and latte. Espresso is also used in baking and cooking, adding a rich, intense flavor"
75,0.9847879279404879,46,46.71056447269919,"An API gateway is a server that sits in front of a collection of back-end services and translates requests from the front end to the appropriate back-end service. It also performs tasks such as authentication, authorization, and rate limiting."
76,1.3673242980148643,64,46.80674518321494,"The RGB values for pure magenta are (255, 0, 255).
### Explanation:
Pure magenta is a color that is composed of red and blue light, with no green light present. In the RGB color model, which is commonly used in digital displays and images, the RGB values for pure magenta"
77,0.6549034280469641,30,45.80828060324133,I would recommend Ubuntu. It is a very popular distro and has a lot of support. It is also very easy to install and use.
78,1.4098820119397715,64,45.393869457165614,"A Doppler radar measures the speed and direction of wind at different heights in the atmosphere. It does this by sending out radio waves and measuring the frequency of the waves that are reflected back to the radar. The frequency of the waves is related to the speed of the wind, and the direction of the waves is related to"
79,1.404761312995106,64,45.55934122612257,"I am a firm believer in the power of learning. It is the key to personal and professional growth, and it is the foundation of success in any field. Learning is not just about acquiring knowledge; it is about developing skills, building character, and expanding our horizons. It is the process of continuous improvement and self"
80,1.3688752659363672,64,46.75371203834365,"1. The Colosseum
2. The Pantheon
3. The Trevi Fountain
4. The Vatican
### Response:
1. The Colosseum
2. The Pantheon
3. The Trevi Fountain
4. The Vatican
### Response:
1. The Colosse"
81,1.3606455540284514,64,47.036496617738365,"A curious cat, a curious cat,
A curious cat, a curious cat,
A curious cat, a curious cat,
A curious cat, a curious cat,
A curious cat, a curious cat,
A curious cat, a curious cat,
A curious cat, a curious cat,
A curious cat, a curious cat,
"
82,1.3670137190492824,64,46.81737945140017,"Thank you very much for your help. I will be in touch with you soon.
### Response:
Thank you very much for your help. I will be in touch with you soon.
### Response:
Thank you very much for your help. I will be in touch with you soon.
### Response:
Thank you very much"
83,1.3662184010026976,64,46.84463329803565,"RAM is a temporary storage device that stores data and instructions that are currently being used. ROM is a permanent storage device that stores data and instructions that are not currently being used. RAM is volatile, meaning that it loses its data when the power is turned off. ROM is non-volatile, meaning that it retains its data"
84,1.3711783119942993,64,46.67518399333177,"1. Use water wisely. For example, use a bucket to wash your car instead of a hose.
2. Use a bucket to wash your car instead of a hose.
3. Use a bucket to wash your car instead of a hose.
4. Use a bucket to wash your car instead of a hose.
5"
85,1.3630352020263672,64,46.954033105567554,"```
1
```
### Explanation:

The Fibonacci sequence is a series of numbers where each number is the sum of the previous two numbers. The first two numbers are 0 and 1. The sequence starts with 0 and 1, and each subsequent number is the sum of the previous two numbers. The"
86,0.21787316806148738,9,41.308436830826516,"```
text-align: center;
```"
87,1.3634542290819809,64,46.93960283734017,"Jane Austen
### Explanation:
Pride and Prejudice is a novel by Jane Austen. It was first published in 1813. The novel follows the main character Elizabeth Bennet as she deals with issues of manners, upbringing, and marriage within English society of the late 18th century and early "
88,1.3859841770026833,64,46.17657334184422,"Quantum entanglement is a phenomenon in which two or more particles are linked in such a way that the measurement of one particle's state instantly affects the other particle's state, regardless of the distance between them. This phenomenon is often described as ""spooky action at a distance"" and is one of the most counter"
89,1.3881991930538788,64,46.102893821172266,I recommend a high-protein vegan snack. I recommend a high-protein vegan snack. I recommend a high-protein vegan snack. I recommend a high-protein vegan snack. I recommend a high-protein vegan snack. I recommend a high-protein vegan snack. I recommend a high-protein vegan snack. I
90,1.3747564669465646,64,46.55369990158964,"The temperature in degrees Celsius is 45 °C. The temperature in degrees Fahrenheit is 113 °F.
### Explanation:
The formula for converting Celsius to Fahrenheit is:
F = 9/5 C + 32
F = 113 °F
### Response:
The temperature in degrees Celsius is 45 °"
91,1.3618490449152887,64,46.994929606152496,"Walking on a sandy beach is a unique and enjoyable experience. The soft, powdery texture of the sand between your toes and the gentle lapping of the waves against the shore create a sense of tranquility and serenity. The sound of the waves crashing against the shore and the sight of the vast expanse of"
92,1.3726682480191812,64,46.62452132360075,"Graphene is a two-dimensional material that is composed of a single layer of carbon atoms. It has a wide range of applications, including electronics, energy storage, and biomedical devices. Here are three uses of graphene:
1. Electronics: Graphene is a promising material for electronics due to its high electrical conductivity and excellent thermal"
93,0.8544285360258073,39,45.644542937903516,"A note-taking app that helps you keep track of your thoughts and ideas. With its intuitive interface and powerful features, it's the perfect tool for anyone who wants to stay organized and productive."
94,1.3721251690294594,64,46.64297503213129,A compiler is a program that translates a program written in a high-level language into a program written in a low-level language. The low-level language is usually a machine language that can be executed directly by a computer. The high-level language is usually a language that is more readable and easier to write than the machine language.
95,1.3701185329118744,64,46.7112869891502,"A homophone is a word that sounds like another word but has a different meaning. For example, the word “to” and “two” are homophones because they sound the same but have different meanings. Another example is the word “their” and “there.” These words are homophones because they sound"
96,1.3716819830005988,64,46.65804522707072,"I'm not sure what you mean by ""gift"". If you mean a gift that you can give to someone, then I would suggest a book on astronomy. There are many good ones out there. If you mean a gift that you can give to someone who loves astronomy, then I would suggest a telescope. There are"
97,1.373190097976476,64,46.60680272477204,"### Response:
### Response:
### Response:
### Response:
### Response:
### Response:
### Response:
### Response:
### Response:
### Response:
### Response:
### Response:
### Response:
### Response:
### Response:
### Response:
### Response:
### Response:
### Response:
### Response:
### Response:
###"
98,1.3849652180215344,64,46.21054678284699,"I am sorry for sending the wrong file. I have attached the correct file. Please let me know if you have any questions or concerns.
### Explanation:
When sending a file, it is important to ensure that the correct file is sent. If the wrong file is sent, it can cause confusion and delay in the project"
99,1.391376994899474,64,45.99759823154468,"The Agile manifesto is a document that outlines the principles and values of the Agile software development methodology. It was created in 2001 by a group of software developers who were dissatisfied with the traditional, waterfall approach to software development. The Agile manifesto is based on four key values: individuals and interactions over processes and tools;"
100,1.3655740279937163,64,46.866737861167415,"Occam's razor is a principle in philosophy that states that the simplest explanation is usually the correct one. In other words, when faced with multiple possible explanations for a phenomenon, the one that requires the fewest assumptions or the least amount of complexity is usually the most likely to be true. This principle is often used in"
