query,target,target_id,hit,topK_ids,top1_memory
"When I'm shopping for clothes and need to pick a colour that always makes me happy, which shade do I inevitably choose?",Favourite colour is blue.,e4bccdbe-6c95-4ed2-aaf2-d156ee9e075e,1,"[""e4bccdbe-6c95-4ed2-aaf2-d156ee9e075e"", ""1ae48f29-35d4-4de3-a0d6-90ddf071d29d"", ""de7c6ae3-738f-401c-a32f-dc0d00a05458"", ""07b23014-eb1d-4279-bf61-73a46efa3ed3"", ""fa973dc5-710a-492f-8f5a-4b8e26e4edc3""]",Favourite colour is blue
During small‑talk someone asks about my birthplace— which Indian tech hub city do I proudly mention?,I was born in Hyderabad.,0c23673c-c079-4c4a-8639-ff3a0aeacd03,1,"[""0c23673c-c079-4c4a-8639-ff3a0aeacd03"", ""6a9aeed4-93d2-4734-a5a0-8be87441faa7"", ""07b23014-eb1d-4279-bf61-73a46efa3ed3"", ""4e28ba07-b988-4e34-927f-ed84334e771a"", ""eb39ce8d-da60-4c9c-9bbb-093a7d69a6d4""]",Born in Hyderabad
"If a dessert contains certain berries that trigger my allergy, which specific fruit must I avoid to stay safe?",I am allergic to strawberries.,a558c3bb-5ad8-40ae-bc60-6e17940baed7,1,"[""a558c3bb-5ad8-40ae-bc60-6e17940baed7"", ""97d1b015-8708-45c9-a18d-4132636c2af4"", ""55c84a06-e6a9-4fba-a0a9-4c07910c8553"", ""f3ef8783-3ff7-48fe-9dd0-75bf9fecd42d"", ""18517e26-e063-4b44-a7ed-974c229fc30d""]",Allergic to strawberries
"Faced with the choice between the world's most aromatic coffee and a perfectly brewed tea, which beverage do I actually prefer?",I prefer coffee over tea.,0a3b0833-b55b-47de-8ece-c562be52dd6b,1,"[""0a3b0833-b55b-47de-8ece-c562be52dd6b"", ""c7961bed-43b1-44ce-9d96-442158420a0d"", ""053e462a-3993-4317-a58a-9950fc102296"", ""fa973dc5-710a-492f-8f5a-4b8e26e4edc3"", ""e4bccdbe-6c95-4ed2-aaf2-d156ee9e075e""]",Prefers coffee over tea
On which calendar date do friends need to wish me happy birthday so they don't miss my celebration?,My birthday is on 14 June.,85f6d4e1-703c-46e3-911e-1902afd747dd,1,"[""85f6d4e1-703c-46e3-911e-1902afd747dd"", ""fa5b8c18-d1c3-4233-af41-262f9c699af6"", ""f735f6fb-456a-4fe4-90ea-47b0550c6bc1"", ""0f8da319-108d-49a7-aaee-924610f7dcca"", ""e4bccdbe-6c95-4ed2-aaf2-d156ee9e075e""]",Birthday is on 14 June
Which sport keeps me active every Saturday morning on the court rather than sleeping in?,I play badminton every Saturday.,9e4a1b7b-8179-4ac4-b4a2-883037109707,1,"[""9e4a1b7b-8179-4ac4-b4a2-883037109707"", ""0f8da319-108d-49a7-aaee-924610f7dcca"", ""49c86bfc-50ce-4b8e-9e62-5091ecea6b13"", ""400f0df0-f0de-4e94-9109-5e17cd2fe734"", ""36661840-3c48-422b-b073-1309661dd283""]",Plays badminton every Saturday
What is the name of the canine companion who greets me when I get home?,My dog's name is Bruno.,627950c6-69d0-48f6-9749-c89f41368574,1,"[""627950c6-69d0-48f6-9749-c89f41368574"", ""de446757-a688-4147-a171-5f22b869b0cf"", ""8ef4a93c-e96d-44ba-b7ed-33aa7c2caf7f"", ""58f5c583-42b5-4d56-8511-ee63cbbaa8c2"", ""fa5b8c18-d1c3-4233-af41-262f9c699af6""]",Dog's name is Bruno
"When asked where I earned my undergraduate engineering degree, which IIT campus do I cite?",I graduated from IIT Bombay.,eb39ce8d-da60-4c9c-9bbb-093a7d69a6d4,1,"[""eb39ce8d-da60-4c9c-9bbb-093a7d69a6d4"", ""42018211-094f-45d9-809f-d8d863a05f69"", ""0c23673c-c079-4c4a-8639-ff3a0aeacd03"", ""53686ac5-f085-48f8-98c6-83fc912f38ec"", ""d9c814ac-8809-4550-9b3c-941da3a8ef6f""]",Graduated from IIT Bombay
"In our book‑club, which genre do I always lobby for because I can't resist futuristic adventures?",My favourite genre is science‑fiction.,fa973dc5-710a-492f-8f5a-4b8e26e4edc3,1,"[""fa973dc5-710a-492f-8f5a-4b8e26e4edc3"", ""5455476d-5771-4073-be51-18049acd8ffa"", ""053e462a-3993-4317-a58a-9950fc102296"", ""53686ac5-f085-48f8-98c6-83fc912f38ec"", ""f753b605-fed3-46b9-beda-adade1233185""]",Favourite genre is science-fiction
"If I'm feeling down and need comfort food, which steaming bowl from Japanese cuisine do I cook or order?",My comfort food is ramen.,7473c1d6-f491-45d7-833b-d04183166293,1,"[""7473c1d6-f491-45d7-833b-d04183166293"", ""51c5137f-1956-4435-b663-958dcc074db4"", ""b7a2484d-a1c8-4e04-a2c9-e1c5211eac46"", ""0a3b0833-b55b-47de-8ece-c562be52dd6b"", ""5acf8b77-e5ef-457e-8008-4ffac5856d57""]",Comfort food is ramen
"List the languages I can converse in, including the European one I still speak only a little.","I speak English, Hindi and basic Spanish.",4e28ba07-b988-4e34-927f-ed84334e771a,1,"[""4e28ba07-b988-4e34-927f-ed84334e771a"", ""d9c814ac-8809-4550-9b3c-941da3a8ef6f"", ""260aa2bb-229d-4357-b7bd-84bf9231bbb6"", ""0270fbe1-ce56-4741-b3c3-2665b3559f80"", ""1f3d4bba-a66f-402e-94a0-f286d5b1d637""]","Speaks English, Hindi and basic Spanish"
At what early hour does my weekday alarm routinely ring?,I wake up at 5:30 a.m. on weekdays.,0f8da319-108d-49a7-aaee-924610f7dcca,1,"[""0f8da319-108d-49a7-aaee-924610f7dcca"", ""95f7f672-2c4f-48b5-9dac-92eb19956b1f"", ""400f0df0-f0de-4e94-9109-5e17cd2fe734"", ""228c318f-06c2-4b9a-afde-8e111a1e3a42"", ""cdb5e73b-2f58-421c-a393-bcd4ed61de81""]",Wakes up at 5:30 a.m. on weekdays
Which programming language do I hold dearest for its readability and versatility?,Python is my go‑to language.,260aa2bb-229d-4357-b7bd-84bf9231bbb6,1,"[""260aa2bb-229d-4357-b7bd-84bf9231bbb6"", ""fa973dc5-710a-492f-8f5a-4b8e26e4edc3"", ""53686ac5-f085-48f8-98c6-83fc912f38ec"", ""053e462a-3993-4317-a58a-9950fc102296"", ""e4bccdbe-6c95-4ed2-aaf2-d156ee9e075e""]",Go-to programming language is Python
Which long‑distance running milestone did I conquer back in 2023?,I ran a half‑marathon in 2023.,bf7531b4-2c78-4a6c-8824-22f00521a3e2,1,"[""bf7531b4-2c78-4a6c-8824-22f00521a3e2"", ""5a4152a0-6464-4410-86db-5da40d69b8b5"", ""0270fbe1-ce56-4741-b3c3-2665b3559f80"", ""07b23014-eb1d-4279-bf61-73a46efa3ed3"", ""53686ac5-f085-48f8-98c6-83fc912f38ec""]",Ran a half-marathon in 2023
What nightly reflective practice do I complete before going to sleep?,I write a gratitude journal nightly.,fa5b8c18-d1c3-4233-af41-262f9c699af6,1,"[""36661840-3c48-422b-b073-1309661dd283"", ""400f0df0-f0de-4e94-9109-5e17cd2fe734"", ""c0e9a42b-c1b4-46bf-bda2-f24d43940b22"", ""fa5b8c18-d1c3-4233-af41-262f9c699af6"", ""cdb5e73b-2f58-421c-a393-bcd4ed61de81""]",Follows yoga sessions every evening
Do I favour mountain landscapes or sandy beaches when planning a vacation—and which of the two do I pick?,I prefer mountains to beaches.,a760405d-cb55-4078-ac69-5e5ad13dddea,1,"[""a760405d-cb55-4078-ac69-5e5ad13dddea"", ""07b23014-eb1d-4279-bf61-73a46efa3ed3"", ""053e462a-3993-4317-a58a-9950fc102296"", ""15cb6565-4945-4017-a525-c66037ecff59"", ""51c5137f-1956-4435-b663-958dcc074db4""]",Prefers mountains over beaches
What genre of background music do I stream to stay in flow while working?,Lo‑fi beats help me focus.,a64e54d0-f28e-44dd-881e-65830a5490a1,1,"[""a64e54d0-f28e-44dd-881e-65830a5490a1"", ""229ecf6c-447d-49db-a0a3-933b2a6e11b6"", ""29364436-bf9e-4fc6-864d-6271e4cd56a3"", ""fa973dc5-710a-492f-8f5a-4b8e26e4edc3"", ""84769d18-e447-4076-b41c-fdd12adc7265""]",Lo-fi beats help with focus
"If I'm buying shoes in Europe, what EU size do I usually request?",My EU shoe size is 43.,1f3d4bba-a66f-402e-94a0-f286d5b1d637,1,"[""1f3d4bba-a66f-402e-94a0-f286d5b1d637"", ""5a4152a0-6464-4410-86db-5da40d69b8b5"", ""0270fbe1-ce56-4741-b3c3-2665b3559f80"", ""bae8cd70-8a06-44a0-9d88-1b09c1b5ba73"", ""51c5137f-1956-4435-b663-958dcc074db4""]",EU shoe size is 43
Next year's big trip destination is on my savings vision‑board; which country is it?,I'm saving for a trip to Japan.,51c5137f-1956-4435-b663-958dcc074db4,1,"[""51c5137f-1956-4435-b663-958dcc074db4"", ""0270fbe1-ce56-4741-b3c3-2665b3559f80"", ""13ea4654-2857-44b2-8ffb-342718abc1c6"", ""07b23014-eb1d-4279-bf61-73a46efa3ed3"", ""53686ac5-f085-48f8-98c6-83fc912f38ec""]",Planning a trip to Japan
Which daily mindfulness habit occupies exactly ten minutes of my schedule?,I meditate ten minutes daily.,c0e9a42b-c1b4-46bf-bda2-f24d43940b22,1,"[""c0e9a42b-c1b4-46bf-bda2-f24d43940b22"", ""36661840-3c48-422b-b073-1309661dd283"", ""0f8da319-108d-49a7-aaee-924610f7dcca"", ""fa5b8c18-d1c3-4233-af41-262f9c699af6"", ""95f7f672-2c4f-48b5-9dac-92eb19956b1f""]",Meditates 10 minutes daily
"Name the iconic Japanese dish I have *never* tasted, despite its popularity.",I have never eaten sushi.,5acf8b77-e5ef-457e-8008-4ffac5856d57,1,"[""5acf8b77-e5ef-457e-8008-4ffac5856d57"", ""51c5137f-1956-4435-b663-958dcc074db4"", ""97d1b015-8708-45c9-a18d-4132636c2af4"", ""f3ef8783-3ff7-48fe-9dd0-75bf9fecd42d"", ""7473c1d6-f491-45d7-833b-d04183166293""]",Has never eaten sushi
"Instead of glasses, what corrective vision option do I wear?",I wear contact lenses.,652b9a81-d6da-4003-9d5b-77ce2b033638,1,"[""652b9a81-d6da-4003-9d5b-77ce2b033638"", ""a64e54d0-f28e-44dd-881e-65830a5490a1"", ""229ecf6c-447d-49db-a0a3-933b2a6e11b6"", ""28601a93-f566-4ac1-a421-c2ead1498a2e"", ""053e462a-3993-4317-a58a-9950fc102296""]",Wears contact lenses
During a game night I always suggest one particular strategy board game— which is it?,My favourite board game is Catan.,3c4297b3-2acb-45b4-aa89-ca9303efbba3,1,"[""3c4297b3-2acb-45b4-aa89-ca9303efbba3"", ""400f0df0-f0de-4e94-9109-5e17cd2fe734"", ""fa973dc5-710a-492f-8f5a-4b8e26e4edc3"", ""53686ac5-f085-48f8-98c6-83fc912f38ec"", ""36661840-3c48-422b-b073-1309661dd283""]",Favourite board game is Catan
"When the waiter asks for my drink order, which alcoholic option will I *always* decline?",I never drink beer.,c7961bed-43b1-44ce-9d96-442158420a0d,1,"[""0a3b0833-b55b-47de-8ece-c562be52dd6b"", ""c7961bed-43b1-44ce-9d96-442158420a0d"", ""91f2eded-d504-44e3-8100-f985c3448f60"", ""053e462a-3993-4317-a58a-9950fc102296"", ""f3ef8783-3ff7-48fe-9dd0-75bf9fecd42d""]",Prefers coffee over tea
Describe my dietary preference that allows eggs but excludes meat.,I am ovo‑vegetarian.,df738b42-2532-4746-bc0e-a20873dc3cee,1,"[""df738b42-2532-4746-bc0e-a20873dc3cee"", ""0a3b0833-b55b-47de-8ece-c562be52dd6b"", ""4308113f-daf5-4199-9e66-0373334cf7b1"", ""55c84a06-e6a9-4fba-a0a9-4c07910c8553"", ""7473c1d6-f491-45d7-833b-d04183166293""]",Is an ovo-vegetarian
"Which bone did I break as a child, the memory of which still makes me cautious?",I once broke my left arm.,a439b933-163f-486d-9577-a28d6495d362,0,"[""abd58c0b-5c13-4333-9dab-7090f204cbba"", ""42018211-094f-45d9-809f-d8d863a05f69"", ""9bd21b6e-48cb-41b4-84be-daa2cc9f088a"", ""2a7b4eee-3ef1-4e2b-a6b9-8ac8f0f6ddff"", ""bf7531b4-2c78-4a6c-8824-22f00521a3e2""]",Has never fractured a bone
"When an app offers light or dark mode, which theme do I instinctively enable?",I always use dark mode.,de7c6ae3-738f-401c-a32f-dc0d00a05458,1,"[""de7c6ae3-738f-401c-a32f-dc0d00a05458"", ""228c318f-06c2-4b9a-afde-8e111a1e3a42"", ""29364436-bf9e-4fc6-864d-6271e4cd56a3"", ""e4bccdbe-6c95-4ed2-aaf2-d156ee9e075e"", ""cdb5e73b-2f58-421c-a393-bcd4ed61de81""]",Always uses dark mode
Which cheerful string instrument am I currently learning to strum?,I'm learning the ukulele.,2a7b4eee-3ef1-4e2b-a6b9-8ac8f0f6ddff,1,"[""2a7b4eee-3ef1-4e2b-a6b9-8ac8f0f6ddff"", ""13ea4654-2857-44b2-8ffb-342718abc1c6"", ""e4bccdbe-6c95-4ed2-aaf2-d156ee9e075e"", ""55c84a06-e6a9-4fba-a0a9-4c07910c8553"", ""a64e54d0-f28e-44dd-881e-65830a5490a1""]",Learning to play the ukulele
What Linux distribution powers my everyday laptop?,My laptop runs Arch Linux.,b0665201-9f53-4e93-93fe-1ad4d6006769,1,"[""b0665201-9f53-4e93-93fe-1ad4d6006769"", ""478a1579-4dc7-442d-ba68-7c191019d305"", ""de70416a-ccfa-49c4-9328-c291aea76db2"", ""0f8da319-108d-49a7-aaee-924610f7dcca"", ""4299a66c-6ae2-4e2c-a5ef-ee4e5ad853f1""]",Uses Arch Linux on their laptop
Which nostalgic hobby involving tiny adhesive squares do I pursue?,I collect postage stamps.,1d034ad2-5545-469d-b84b-2ffc3bc40a18,1,"[""10e0ec7c-7e13-4a88-a25c-05f3f94a1e5c"", ""1d034ad2-5545-469d-b84b-2ffc3bc40a18"", ""b12de4e2-4f6f-479b-9420-ec6a993f85dd"", ""bbcb312e-62fb-46b8-b21f-a3171f494688"", ""889036c8-8424-4c7a-bba8-e72313779fbe""]",Collects model aeroplanes
What artisanal bread—famous for its tangy starter—do I bake on weekends?,I bake sourdough bread on weekends.,35d5a9bd-30e6-4223-804f-695f6e7642e5,1,"[""35d5a9bd-30e6-4223-804f-695f6e7642e5"", ""889036c8-8424-4c7a-bba8-e72313779fbe"", ""0f8da319-108d-49a7-aaee-924610f7dcca"", ""95f7f672-2c4f-48b5-9dac-92eb19956b1f"", ""9e4a1b7b-8179-4ac4-b4a2-883037109707""]",Bakes sourdough bread on weekends
What eco‑friendly mode of transport do I use for my daily commute?,I commute by bicycle.,90321fe9-d5b8-4a6b-994d-9a152e565544,1,"[""90321fe9-d5b8-4a6b-994d-9a152e565544"", ""84769d18-e447-4076-b41c-fdd12adc7265"", ""28601a93-f566-4ac1-a421-c2ead1498a2e"", ""053e462a-3993-4317-a58a-9950fc102296"", ""07b23014-eb1d-4279-bf61-73a46efa3ed3""]",Commutes by bicycle
"Which spectator sport do I most enjoy watching, especially international matches?",I love watching cricket.,49c86bfc-50ce-4b8e-9e62-5091ecea6b13,1,"[""eae4c802-a8bd-45c7-ad40-19a59860ca9f"", ""49c86bfc-50ce-4b8e-9e62-5091ecea6b13"", ""53686ac5-f085-48f8-98c6-83fc912f38ec"", ""1ae48f29-35d4-4de3-a0d6-90ddf071d29d"", ""fa973dc5-710a-492f-8f5a-4b8e26e4edc3""]",Likes watching Formula 1 races
"When ordering food, what spice level do I unapologetically demand?",I order food extra spicy.,b7a2484d-a1c8-4e04-a2c9-e1c5211eac46,1,"[""b7a2484d-a1c8-4e04-a2c9-e1c5211eac46"", ""55c84a06-e6a9-4fba-a0a9-4c07910c8553"", ""0a3b0833-b55b-47de-8ece-c562be52dd6b"", ""df738b42-2532-4746-bc0e-a20873dc3cee"", ""7473c1d6-f491-45d7-833b-d04183166293""]",Orders food extra spicy
Identify the phobia I experience when I'm near edges of tall buildings.,I'm afraid of heights.,315e03f9-1a4e-4751-b49f-6ce3afe5ae94,1,"[""315e03f9-1a4e-4751-b49f-6ce3afe5ae94"", ""52f864cc-7ba4-4eaa-bdf6-957c105cd164"", ""07b23014-eb1d-4279-bf61-73a46efa3ed3"", ""908a738e-0a85-407c-ab0c-ea31bdd8da85"", ""18517e26-e063-4b44-a7ed-974c229fc30d""]",Afraid of heights
On which day of the week do my houseplants reliably get watered?,I water plants every Wednesday.,d62d8091-3c4b-4921-8fdf-9156a1c5949f,1,"[""d62d8091-3c4b-4921-8fdf-9156a1c5949f"", ""0f8da319-108d-49a7-aaee-924610f7dcca"", ""1ae48f29-35d4-4de3-a0d6-90ddf071d29d"", ""908a738e-0a85-407c-ab0c-ea31bdd8da85"", ""58f5c583-42b5-4d56-8511-ee63cbbaa8c2""]",Waters plants every Wednesday
What breed of cat—known for its striking coat—shares my home?,My cat is a Bengal.,1c4c0d2f-d2b8-4b58-b5f1-6368988ef725,0,"[""18517e26-e063-4b44-a7ed-974c229fc30d"", ""de446757-a688-4147-a171-5f22b869b0cf"", ""3c4297b3-2acb-45b4-aa89-ca9303efbba3"", ""627950c6-69d0-48f6-9749-c89f41368574"", ""908a738e-0a85-407c-ab0c-ea31bdd8da85""]",Allergic to cats
Which Paulo Coelho novel have I read no fewer than five times?,I reread 'The Alchemist' every year.,f753b605-fed3-46b9-beda-adade1233185,1,"[""f753b605-fed3-46b9-beda-adade1233185"", ""fa973dc5-710a-492f-8f5a-4b8e26e4edc3"", ""053e462a-3993-4317-a58a-9950fc102296"", ""0270fbe1-ce56-4741-b3c3-2665b3559f80"", ""59bf44dd-5922-4486-b3ca-d00ef9d155e2""]",Rereads 'The Alchemist' every year
Roughly how much water do I aim to drink over a full day?,I drink three litres of water daily.,de70416a-ccfa-49c4-9328-c291aea76db2,1,"[""de70416a-ccfa-49c4-9328-c291aea76db2"", ""c0e9a42b-c1b4-46bf-bda2-f24d43940b22"", ""0f8da319-108d-49a7-aaee-924610f7dcca"", ""b0875a41-1bbd-4980-95b3-86d0f03f09f6"", ""d62d8091-3c4b-4921-8fdf-9156a1c5949f""]",Drinks 3 litres of water daily
In which Southeast‑Asian city‑state did I spend half a year living?,I lived in Singapore for six months.,175da5a3-565f-447a-9aef-2cf82c815269,1,"[""175da5a3-565f-447a-9aef-2cf82c815269"", ""bf7531b4-2c78-4a6c-8824-22f00521a3e2"", ""0c23673c-c079-4c4a-8639-ff3a0aeacd03"", ""51c5137f-1956-4435-b663-958dcc074db4"", ""d9c814ac-8809-4550-9b3c-941da3a8ef6f""]",Lived in Singapore for six months
Which system of measurement (metric or imperial) do I naturally default to?,I use the metric system.,5a4152a0-6464-4410-86db-5da40d69b8b5,1,"[""5a4152a0-6464-4410-86db-5da40d69b8b5"", ""53686ac5-f085-48f8-98c6-83fc912f38ec"", ""260aa2bb-229d-4357-b7bd-84bf9231bbb6"", ""478a1579-4dc7-442d-ba68-7c191019d305"", ""1f3d4bba-a66f-402e-94a0-f286d5b1d637""]",Uses the metric system
What unique family fact applies to my sibling situation?,I am an only child.,9bd21b6e-48cb-41b4-84be-daa2cc9f088a,1,"[""9bd21b6e-48cb-41b4-84be-daa2cc9f088a"", ""f735f6fb-456a-4fe4-90ea-47b0550c6bc1"", ""53686ac5-f085-48f8-98c6-83fc912f38ec"", ""1376b087-dc50-43ad-801e-60715cfd4fdf"", ""175da5a3-565f-447a-9aef-2cf82c815269""]",Is an only child
Every night before sleeping I tackle logic puzzles— which classic number grid is my favourite?,I solve Sudoku before bed.,400f0df0-f0de-4e94-9109-5e17cd2fe734,1,"[""400f0df0-f0de-4e94-9109-5e17cd2fe734"", ""3c4297b3-2acb-45b4-aa89-ca9303efbba3"", ""fa973dc5-710a-492f-8f5a-4b8e26e4edc3"", ""0f8da319-108d-49a7-aaee-924610f7dcca"", ""cdb5e73b-2f58-421c-a393-bcd4ed61de81""]",Solves Sudoku before bed
What make and model of car am I currently driving?,I drive a Honda Civic.,55a14353-d343-4656-9f40-98db37bc10cd,1,"[""55a14353-d343-4656-9f40-98db37bc10cd"", ""b4fcd080-6f19-4451-9f1b-ad6c2c4db495"", ""478a1579-4dc7-442d-ba68-7c191019d305"", ""df738b42-2532-4746-bc0e-a20873dc3cee"", ""10e0ec7c-7e13-4a88-a25c-05f3f94a1e5c""]",Drives a Honda Civic
Which essential meal of the day do I insist on never skipping?,I never skip breakfast.,4308113f-daf5-4199-9e66-0373334cf7b1,1,"[""4308113f-daf5-4199-9e66-0373334cf7b1"", ""95f7f672-2c4f-48b5-9dac-92eb19956b1f"", ""7473c1d6-f491-45d7-833b-d04183166293"", ""36661840-3c48-422b-b073-1309661dd283"", ""0a3b0833-b55b-47de-8ece-c562be52dd6b""]",Never skips breakfast
"Among the four seasons, which rain‑soaked one brings me the most joy?",The monsoon season is my favourite.,1ae48f29-35d4-4de3-a0d6-90ddf071d29d,1,"[""1ae48f29-35d4-4de3-a0d6-90ddf071d29d"", ""da05f249-b1cd-44d0-ba1e-5da7e531f8be"", ""07b23014-eb1d-4279-bf61-73a46efa3ed3"", ""15cb6565-4945-4017-a525-c66037ecff59"", ""e4bccdbe-6c95-4ed2-aaf2-d156ee9e075e""]",Favourite season is monsoon
What type of ergonomic furniture do I use when working from home?,I sit on a standing desk at home.,c553465b-0cbf-4e49-8332-2ac8444e35d2,1,"[""c553465b-0cbf-4e49-8332-2ac8444e35d2"", ""58f5c583-42b5-4d56-8511-ee63cbbaa8c2"", ""478a1579-4dc7-442d-ba68-7c191019d305"", ""b0665201-9f53-4e93-93fe-1ad4d6006769"", ""2bea053b-9eae-457b-ab56-ef700208291a""]",Uses a standing desk at home
On which weekday do I volunteer at the animal shelter?,I volunteer on Fridays at an animal shelter.,8ef4a93c-e96d-44ba-b7ed-33aa7c2caf7f,1,"[""8ef4a93c-e96d-44ba-b7ed-33aa7c2caf7f"", ""0f8da319-108d-49a7-aaee-924610f7dcca"", ""1376b087-dc50-43ad-801e-60715cfd4fdf"", ""fa5b8c18-d1c3-4233-af41-262f9c699af6"", ""95f7f672-2c4f-48b5-9dac-92eb19956b1f""]",Volunteers at an animal shelter on Fridays
Which dairy sensitivity affects my diet choices?,I am lactose‑intolerant.,df738b42-2532-4746-bc0e-a20873dc3cee,1,"[""97d1b015-8708-45c9-a18d-4132636c2af4"", ""df738b42-2532-4746-bc0e-a20873dc3cee"", ""7473c1d6-f491-45d7-833b-d04183166293"", ""a558c3bb-5ad8-40ae-bc60-6e17940baed7"", ""0a3b0833-b55b-47de-8ece-c562be52dd6b""]",Favourite ice-cream flavour is pistachio
What form of exercise routine do I practice on weekday evenings to stay limber?,I follow yoga sessions every evening.,36661840-3c48-422b-b073-1309661dd283,1,"[""36661840-3c48-422b-b073-1309661dd283"", ""c0e9a42b-c1b4-46bf-bda2-f24d43940b22"", ""0f8da319-108d-49a7-aaee-924610f7dcca"", ""889036c8-8424-4c7a-bba8-e72313779fbe"", ""b0875a41-1bbd-4980-95b3-86d0f03f09f6""]",Follows yoga sessions every evening
"When commuting, do I prefer listening to traditional radio or another audio format—and which one?",I listen to podcasts while commuting.,84769d18-e447-4076-b41c-fdd12adc7265,1,"[""84769d18-e447-4076-b41c-fdd12adc7265"", ""053e462a-3993-4317-a58a-9950fc102296"", ""90321fe9-d5b8-4a6b-994d-9a152e565544"", ""229ecf6c-447d-49db-a0a3-933b2a6e11b6"", ""0a3b0833-b55b-47de-8ece-c562be52dd6b""]",Listens to podcasts while commuting
What niche collection of tiny aircraft models do I keep?,I collect model aeroplanes.,10e0ec7c-7e13-4a88-a25c-05f3f94a1e5c,1,"[""10e0ec7c-7e13-4a88-a25c-05f3f94a1e5c"", ""bbcb312e-62fb-46b8-b21f-a3171f494688"", ""1d034ad2-5545-469d-b84b-2ffc3bc40a18"", ""53686ac5-f085-48f8-98c6-83fc912f38ec"", ""bae8cd70-8a06-44a0-9d88-1b09c1b5ba73""]",Collects model aeroplanes
How many countries have stamped my passport so far?,I have visited 12 countries.,0270fbe1-ce56-4741-b3c3-2665b3559f80,1,"[""0270fbe1-ce56-4741-b3c3-2665b3559f80"", ""1d034ad2-5545-469d-b84b-2ffc3bc40a18"", ""175da5a3-565f-447a-9aef-2cf82c815269"", ""1f3d4bba-a66f-402e-94a0-f286d5b1d637"", ""28601a93-f566-4ac1-a421-c2ead1498a2e""]",Has visited 12 countries
Which tropical fruit flavour makes any dessert irresistible to me?,Mango flavour is my weakness.,55c84a06-e6a9-4fba-a0a9-4c07910c8553,1,"[""55c84a06-e6a9-4fba-a0a9-4c07910c8553"", ""97d1b015-8708-45c9-a18d-4132636c2af4"", ""1ae48f29-35d4-4de3-a0d6-90ddf071d29d"", ""f3ef8783-3ff7-48fe-9dd0-75bf9fecd42d"", ""0a3b0833-b55b-47de-8ece-c562be52dd6b""]",Likes mango flavor
What party trick involves solving a colourful cube in under two minutes?,I can solve a Rubik's cube quickly.,b12de4e2-4f6f-479b-9420-ec6a993f85dd,1,"[""b12de4e2-4f6f-479b-9420-ec6a993f85dd"", ""400f0df0-f0de-4e94-9109-5e17cd2fe734"", ""a2c6fdd2-748b-4a54-9419-ec973a52dff2"", ""e4bccdbe-6c95-4ed2-aaf2-d156ee9e075e"", ""58f5c583-42b5-4d56-8511-ee63cbbaa8c2""]",Can solve a Rubik's cube quickly
Which film genre do I avoid because it keeps me up at night?,I avoid horror movies.,91f2eded-d504-44e3-8100-f985c3448f60,1,"[""91f2eded-d504-44e3-8100-f985c3448f60"", ""5455476d-5771-4073-be51-18049acd8ffa"", ""fa973dc5-710a-492f-8f5a-4b8e26e4edc3"", ""0f8da319-108d-49a7-aaee-924610f7dcca"", ""cdb5e73b-2f58-421c-a393-bcd4ed61de81""]",Avoids horror movies
Which wearable device do I strap on each day to monitor health metrics?,I wear a Fitbit daily.,b0875a41-1bbd-4980-95b3-86d0f03f09f6,1,"[""b0875a41-1bbd-4980-95b3-86d0f03f09f6"", ""cdb5e73b-2f58-421c-a393-bcd4ed61de81"", ""0f8da319-108d-49a7-aaee-924610f7dcca"", ""5a4152a0-6464-4410-86db-5da40d69b8b5"", ""84769d18-e447-4076-b41c-fdd12adc7265""]",Wears a Fitbit daily
Have I ever suffered a bone fracture in my life— yes or no?,I have never fractured a bone.,a439b933-163f-486d-9577-a28d6495d362,0,"[""abd58c0b-5c13-4333-9dab-7090f204cbba"", ""1376b087-dc50-43ad-801e-60715cfd4fdf"", ""b0875a41-1bbd-4980-95b3-86d0f03f09f6"", ""84769d18-e447-4076-b41c-fdd12adc7265"", ""53686ac5-f085-48f8-98c6-83fc912f38ec""]",Has never fractured a bone
What is my middle name?,My middle name is Raj.,6a9aeed4-93d2-4734-a5a0-8be87441faa7,1,"[""6a9aeed4-93d2-4734-a5a0-8be87441faa7"", ""627950c6-69d0-48f6-9749-c89f41368574"", ""85f6d4e1-703c-46e3-911e-1902afd747dd"", ""bf7531b4-2c78-4a6c-8824-22f00521a3e2"", ""9bd21b6e-48cb-41b4-84be-daa2cc9f088a""]",Middle name is Raj
"Between green tea and black tea, which variant earns my loyalty?",I only drink green tea.,0a3b0833-b55b-47de-8ece-c562be52dd6b,1,"[""0a3b0833-b55b-47de-8ece-c562be52dd6b"", ""55c84a06-e6a9-4fba-a0a9-4c07910c8553"", ""df738b42-2532-4746-bc0e-a20873dc3cee"", ""3c4297b3-2acb-45b4-aa89-ca9303efbba3"", ""07b23014-eb1d-4279-bf61-73a46efa3ed3""]",Prefers coffee over tea
Which scientific field dealing with celestial bodies fascinates me?,Astronomy fascinates me.,53686ac5-f085-48f8-98c6-83fc912f38ec,1,"[""53686ac5-f085-48f8-98c6-83fc912f38ec"", ""fa973dc5-710a-492f-8f5a-4b8e26e4edc3"", ""07b23014-eb1d-4279-bf61-73a46efa3ed3"", ""5455476d-5771-4073-be51-18049acd8ffa"", ""15cb6565-4945-4017-a525-c66037ecff59""]",Astronomy is a fascinating subject for the user
"Which alternative keyboard layout, famed for efficiency, do I type with?",I type with the Dvorak layout.,bae8cd70-8a06-44a0-9d88-1b09c1b5ba73,1,"[""bae8cd70-8a06-44a0-9d88-1b09c1b5ba73"", ""6e92fa6b-eab1-4ff5-8a77-9c225342ee6c"", ""053e462a-3993-4317-a58a-9950fc102296"", ""c553465b-0cbf-4e49-8332-2ac8444e35d2"", ""b0665201-9f53-4e93-93fe-1ad4d6006769""]",Types with the Dvorak layout
What notification setting do I keep my phone on throughout the workday?,My phone stays on Do Not Disturb.,228c318f-06c2-4b9a-afde-8e111a1e3a42,1,"[""228c318f-06c2-4b9a-afde-8e111a1e3a42"", ""29364436-bf9e-4fc6-864d-6271e4cd56a3"", ""0f8da319-108d-49a7-aaee-924610f7dcca"", ""cdb5e73b-2f58-421c-a393-bcd4ed61de81"", ""84769d18-e447-4076-b41c-fdd12adc7265""]",Phone is set to Do Not Disturb mode
What animal did I rescue and adopt last year?,I rescued a stray kitten named Luna.,1c4c0d2f-d2b8-4b58-b5f1-6368988ef725,0,"[""627950c6-69d0-48f6-9749-c89f41368574"", ""de446757-a688-4147-a171-5f22b869b0cf"", ""8ef4a93c-e96d-44ba-b7ed-33aa7c2caf7f"", ""df738b42-2532-4746-bc0e-a20873dc3cee"", ""1376b087-dc50-43ad-801e-60715cfd4fdf""]",Dog's name is Bruno
Describe the weather scene I adore photographing right after rainfall.,I love photographing rain reflections.,da05f249-b1cd-44d0-ba1e-5da7e531f8be,1,"[""da05f249-b1cd-44d0-ba1e-5da7e531f8be"", ""1ae48f29-35d4-4de3-a0d6-90ddf071d29d"", ""15cb6565-4945-4017-a525-c66037ecff59"", ""07b23014-eb1d-4279-bf61-73a46efa3ed3"", ""e4bccdbe-6c95-4ed2-aaf2-d156ee9e075e""]",Loves photographing rain reflections
What important aquatic life skill have I *not* yet mastered?,I can't swim yet.,3d2bc9d2-5d4f-40f8-8ff5-84454caa481e,1,"[""3d2bc9d2-5d4f-40f8-8ff5-84454caa481e"", ""2a7b4eee-3ef1-4e2b-a6b9-8ac8f0f6ddff"", ""13ea4654-2857-44b2-8ffb-342718abc1c6"", ""260aa2bb-229d-4357-b7bd-84bf9231bbb6"", ""b12de4e2-4f6f-479b-9420-ec6a993f85dd""]",Can't swim
What nut‑based ice‑cream flavour tops my favourites list?,Pistachio ice‑cream is my favourite.,97d1b015-8708-45c9-a18d-4132636c2af4,1,"[""97d1b015-8708-45c9-a18d-4132636c2af4"", ""e4bccdbe-6c95-4ed2-aaf2-d156ee9e075e"", ""fa973dc5-710a-492f-8f5a-4b8e26e4edc3"", ""55c84a06-e6a9-4fba-a0a9-4c07910c8553"", ""07b23014-eb1d-4279-bf61-73a46efa3ed3""]",Favourite ice-cream flavour is pistachio
What kind of high‑tech headphones help me focus at work?,I use noise‑cancelling headphones.,229ecf6c-447d-49db-a0a3-933b2a6e11b6,1,"[""a64e54d0-f28e-44dd-881e-65830a5490a1"", ""229ecf6c-447d-49db-a0a3-933b2a6e11b6"", ""29364436-bf9e-4fc6-864d-6271e4cd56a3"", ""84769d18-e447-4076-b41c-fdd12adc7265"", ""652b9a81-d6da-4003-9d5b-77ce2b033638""]",Lo-fi beats help with focus
How many times per year do I typically donate blood?,I donate blood twice a year.,1376b087-dc50-43ad-801e-60715cfd4fdf,1,"[""1376b087-dc50-43ad-801e-60715cfd4fdf"", ""f753b605-fed3-46b9-beda-adade1233185"", ""0270fbe1-ce56-4741-b3c3-2665b3559f80"", ""bf7531b4-2c78-4a6c-8824-22f00521a3e2"", ""de70416a-ccfa-49c4-9328-c291aea76db2""]",Donates blood twice a year
Do I prefer jotting notes by hand or typing—and which medium wins?,I prefer handwritten notes.,6e92fa6b-eab1-4ff5-8a77-9c225342ee6c,1,"[""6e92fa6b-eab1-4ff5-8a77-9c225342ee6c"", ""053e462a-3993-4317-a58a-9950fc102296"", ""889036c8-8424-4c7a-bba8-e72313779fbe"", ""28601a93-f566-4ac1-a421-c2ead1498a2e"", ""bbcb312e-62fb-46b8-b21f-a3171f494688""]",Prefers reading paperbacks over e-books and likes to read during flights
Which fast‑paced motorsport do I schedule to watch live on weekends?,I never miss a Formula 1 race.,eae4c802-a8bd-45c7-ad40-19a59860ca9f,1,"[""eae4c802-a8bd-45c7-ad40-19a59860ca9f"", ""0f8da319-108d-49a7-aaee-924610f7dcca"", ""1ae48f29-35d4-4de3-a0d6-90ddf071d29d"", ""95f7f672-2c4f-48b5-9dac-92eb19956b1f"", ""84769d18-e447-4076-b41c-fdd12adc7265""]",Likes watching Formula 1 races
Which controversial pizza topping do I consistently dislike?,I dislike pineapple on pizza.,f3ef8783-3ff7-48fe-9dd0-75bf9fecd42d,1,"[""f3ef8783-3ff7-48fe-9dd0-75bf9fecd42d"", ""08fe65cd-a3a3-4b2f-b573-dc7ce0dcdbcb"", ""97d1b015-8708-45c9-a18d-4132636c2af4"", ""55c84a06-e6a9-4fba-a0a9-4c07910c8553"", ""df738b42-2532-4746-bc0e-a20873dc3cee""]",Dislikes pineapple on pizza
What collectible writing instruments—ink‑fed—do I treasure?,I collect fountain pens.,bbcb312e-62fb-46b8-b21f-a3171f494688,1,"[""bbcb312e-62fb-46b8-b21f-a3171f494688"", ""6e92fa6b-eab1-4ff5-8a77-9c225342ee6c"", ""1d034ad2-5545-469d-b84b-2ffc3bc40a18"", ""889036c8-8424-4c7a-bba8-e72313779fbe"", ""10e0ec7c-7e13-4a88-a25c-05f3f94a1e5c""]",Collects fountain pens
Which operating system powers my home server?,My home server runs Ubuntu.,478a1579-4dc7-442d-ba68-7c191019d305,1,"[""478a1579-4dc7-442d-ba68-7c191019d305"", ""b0665201-9f53-4e93-93fe-1ad4d6006769"", ""c553465b-0cbf-4e49-8332-2ac8444e35d2"", ""0f8da319-108d-49a7-aaee-924610f7dcca"", ""df738b42-2532-4746-bc0e-a20873dc3cee""]",Home server operating system is Ubuntu
Which foreign language did I study for two semesters?,I studied French for two semesters.,d9c814ac-8809-4550-9b3c-941da3a8ef6f,1,"[""d9c814ac-8809-4550-9b3c-941da3a8ef6f"", ""260aa2bb-229d-4357-b7bd-84bf9231bbb6"", ""42018211-094f-45d9-809f-d8d863a05f69"", ""4e28ba07-b988-4e34-927f-ed84334e771a"", ""13ea4654-2857-44b2-8ffb-342718abc1c6""]",Studied French for 2 semesters
"When chasing dawn views, what natural phenomenon do I enjoy witnessing at the beach?",I love watching sunrise over the ocean.,15cb6565-4945-4017-a525-c66037ecff59,1,"[""15cb6565-4945-4017-a525-c66037ecff59"", ""a760405d-cb55-4078-ac69-5e5ad13dddea"", ""53686ac5-f085-48f8-98c6-83fc912f38ec"", ""fa973dc5-710a-492f-8f5a-4b8e26e4edc3"", ""da05f249-b1cd-44d0-ba1e-5da7e531f8be""]",Loves watching sunrise over the ocean
What e‑reader device accompanies me on travels?,I carry a Kindle when travelling.,28601a93-f566-4ac1-a421-c2ead1498a2e,1,"[""28601a93-f566-4ac1-a421-c2ead1498a2e"", ""053e462a-3993-4317-a58a-9950fc102296"", ""84769d18-e447-4076-b41c-fdd12adc7265"", ""90321fe9-d5b8-4a6b-994d-9a152e565544"", ""53686ac5-f085-48f8-98c6-83fc912f38ec""]",Carries a Kindle when travelling
What elegant penmanship art form do I practice on weekends?,I practice calligraphy on Sundays.,889036c8-8424-4c7a-bba8-e72313779fbe,1,"[""889036c8-8424-4c7a-bba8-e72313779fbe"", ""bbcb312e-62fb-46b8-b21f-a3171f494688"", ""35d5a9bd-30e6-4223-804f-695f6e7642e5"", ""9e4a1b7b-8179-4ac4-b4a2-883037109707"", ""6e92fa6b-eab1-4ff5-8a77-9c225342ee6c""]",Practices calligraphy on Sundays
Which common household pet allergy affects me?,I'm allergic to cats.,1c4c0d2f-d2b8-4b58-b5f1-6368988ef725,0,"[""18517e26-e063-4b44-a7ed-974c229fc30d"", ""a558c3bb-5ad8-40ae-bc60-6e17940baed7"", ""de446757-a688-4147-a171-5f22b869b0cf"", ""1d034ad2-5545-469d-b84b-2ffc3bc40a18"", ""df738b42-2532-4746-bc0e-a20873dc3cee""]",Allergic to cats
What model was the very first car I owned?,My first car was a Maruti 800.,b4fcd080-6f19-4451-9f1b-ad6c2c4db495,1,"[""b4fcd080-6f19-4451-9f1b-ad6c2c4db495"", ""55a14353-d343-4656-9f40-98db37bc10cd"", ""10e0ec7c-7e13-4a88-a25c-05f3f94a1e5c"", ""e4bccdbe-6c95-4ed2-aaf2-d156ee9e075e"", ""2a7b4eee-3ef1-4e2b-a6b9-8ac8f0f6ddff""]",First car was a Maruti 800
What living miniature plant sits on my workspace?,A tiny bonsai sits on my desk.,58f5c583-42b5-4d56-8511-ee63cbbaa8c2,1,"[""58f5c583-42b5-4d56-8511-ee63cbbaa8c2"", ""c553465b-0cbf-4e49-8332-2ac8444e35d2"", ""2bea053b-9eae-457b-ab56-ef700208291a"", ""d62d8091-3c4b-4921-8fdf-9156a1c5949f"", ""908a738e-0a85-407c-ab0c-ea31bdd8da85""]",Has a bonsai on their desk
Which mountain range is my preferred hiking destination?,The Himalayas are my favourite hiking spot.,07b23014-eb1d-4279-bf61-73a46efa3ed3,1,"[""07b23014-eb1d-4279-bf61-73a46efa3ed3"", ""a760405d-cb55-4078-ac69-5e5ad13dddea"", ""1ae48f29-35d4-4de3-a0d6-90ddf071d29d"", ""053e462a-3993-4317-a58a-9950fc102296"", ""51c5137f-1956-4435-b663-958dcc074db4""]",Favourite hiking spot is the Himalayas
After 4 p.m. I switch to a low‑caffeine beverage; which coffee variety is it?,After 4 p.m. I switch to decaf.,95f7f672-2c4f-48b5-9dac-92eb19956b1f,1,"[""95f7f672-2c4f-48b5-9dac-92eb19956b1f"", ""0a3b0833-b55b-47de-8ece-c562be52dd6b"", ""0f8da319-108d-49a7-aaee-924610f7dcca"", ""2bea053b-9eae-457b-ab56-ef700208291a"", ""55c84a06-e6a9-4fba-a0a9-4c07910c8553""]",Switches to decaf after 4 p.m.
"Between sci‑fi and rom‑com films, which genre do I gravitate toward on movie night?",I choose sci‑fi over rom‑com.,5455476d-5771-4073-be51-18049acd8ffa,1,"[""5455476d-5771-4073-be51-18049acd8ffa"", ""fa973dc5-710a-492f-8f5a-4b8e26e4edc3"", ""53686ac5-f085-48f8-98c6-83fc912f38ec"", ""91f2eded-d504-44e3-8100-f985c3448f60"", ""053e462a-3993-4317-a58a-9950fc102296""]",Prefers sci-fi movies over romantic comedies
On which day do I routinely run full data backups?,I run full backups every Monday.,4299a66c-6ae2-4e2c-a5ef-ee4e5ad853f1,1,"[""4299a66c-6ae2-4e2c-a5ef-ee4e5ad853f1"", ""0f8da319-108d-49a7-aaee-924610f7dcca"", ""95f7f672-2c4f-48b5-9dac-92eb19956b1f"", ""fa5b8c18-d1c3-4233-af41-262f9c699af6"", ""400f0df0-f0de-4e94-9109-5e17cd2fe734""]",Runs full backups every Monday
What circus‑style skill involving three objects can I perform?,I can juggle three balls.,a2c6fdd2-748b-4a54-9419-ec973a52dff2,1,"[""a2c6fdd2-748b-4a54-9419-ec973a52dff2"", ""b12de4e2-4f6f-479b-9420-ec6a993f85dd"", ""2a7b4eee-3ef1-4e2b-a6b9-8ac8f0f6ddff"", ""bae8cd70-8a06-44a0-9d88-1b09c1b5ba73"", ""53686ac5-f085-48f8-98c6-83fc912f38ec""]",Can juggle three balls
Which Mediterranean pizza topping is my favourite?,Olives are my favourite pizza topping.,08fe65cd-a3a3-4b2f-b573-dc7ce0dcdbcb,1,"[""08fe65cd-a3a3-4b2f-b573-dc7ce0dcdbcb"", ""97d1b015-8708-45c9-a18d-4132636c2af4"", ""f3ef8783-3ff7-48fe-9dd0-75bf9fecd42d"", ""3c4297b3-2acb-45b4-aa89-ca9303efbba3"", ""1ae48f29-35d4-4de3-a0d6-90ddf071d29d""]",Olives are their favourite pizza topping.
Which percussion instrument did I play during college days?,I played drums in college.,42018211-094f-45d9-809f-d8d863a05f69,1,"[""42018211-094f-45d9-809f-d8d863a05f69"", ""2a7b4eee-3ef1-4e2b-a6b9-8ac8f0f6ddff"", ""889036c8-8424-4c7a-bba8-e72313779fbe"", ""58f5c583-42b5-4d56-8511-ee63cbbaa8c2"", ""1ae48f29-35d4-4de3-a0d6-90ddf071d29d""]",Played drums in college
What strict rule do I follow about social media during work hours?,I disable social‑media apps during work hours.,29364436-bf9e-4fc6-864d-6271e4cd56a3,1,"[""29364436-bf9e-4fc6-864d-6271e4cd56a3"", ""228c318f-06c2-4b9a-afde-8e111a1e3a42"", ""0f8da319-108d-49a7-aaee-924610f7dcca"", ""cdb5e73b-2f58-421c-a393-bcd4ed61de81"", ""889036c8-8424-4c7a-bba8-e72313779fbe""]",Disables social-media apps during work hours
Which Shakespearean character did I once portray on stage?,I once played Hamlet on stage.,8bcf1e8c-9664-47d4-ad48-eca639a6cd4f,1,"[""8bcf1e8c-9664-47d4-ad48-eca639a6cd4f"", ""42018211-094f-45d9-809f-d8d863a05f69"", ""df738b42-2532-4746-bc0e-a20873dc3cee"", ""f753b605-fed3-46b9-beda-adade1233185"", ""2a7b4eee-3ef1-4e2b-a6b9-8ac8f0f6ddff""]",Played Hamlet on stage
How frequently do I visit my grandparents?,I visit my grandparents monthly.,f735f6fb-456a-4fe4-90ea-47b0550c6bc1,1,"[""f735f6fb-456a-4fe4-90ea-47b0550c6bc1"", ""0270fbe1-ce56-4741-b3c3-2665b3559f80"", ""0f8da319-108d-49a7-aaee-924610f7dcca"", ""c0e9a42b-c1b4-46bf-bda2-f24d43940b22"", ""51c5137f-1956-4435-b663-958dcc074db4""]",Visits grandparents monthly
"When travelling, do I pack paperbacks or an e‑reader—and which do I actually use?","I read paperbacks, not e‑books, when flying.",6e92fa6b-eab1-4ff5-8a77-9c225342ee6c,1,"[""053e462a-3993-4317-a58a-9950fc102296"", ""28601a93-f566-4ac1-a421-c2ead1498a2e"", ""84769d18-e447-4076-b41c-fdd12adc7265"", ""6e92fa6b-eab1-4ff5-8a77-9c225342ee6c"", ""53686ac5-f085-48f8-98c6-83fc912f38ec""]",Prefers reading paperbacks over e-books and likes to read during flights
What sweet emergency provision do I keep hidden in my desk?,I keep dark chocolate in my desk.,2bea053b-9eae-457b-ab56-ef700208291a,1,"[""2bea053b-9eae-457b-ab56-ef700208291a"", ""c553465b-0cbf-4e49-8332-2ac8444e35d2"", ""58f5c583-42b5-4d56-8511-ee63cbbaa8c2"", ""29364436-bf9e-4fc6-864d-6271e4cd56a3"", ""28601a93-f566-4ac1-a421-c2ead1498a2e""]",Keeps dark chocolate in their desk
Which reusable hydration accessory do I always pack when travelling?,I always carry a metal water bottle.,b87763b0-3a26-4110-ba84-dbe1171fbfa4,1,"[""b87763b0-3a26-4110-ba84-dbe1171fbfa4"", ""28601a93-f566-4ac1-a421-c2ead1498a2e"", ""90321fe9-d5b8-4a6b-994d-9a152e565544"", ""053e462a-3993-4317-a58a-9950fc102296"", ""de70416a-ccfa-49c4-9328-c291aea76db2""]",Always carries a metal water bottle
What eight‑legged creatures trigger my fear response?,Spiders scare me.,52f864cc-7ba4-4eaa-bdf6-957c105cd164,1,"[""52f864cc-7ba4-4eaa-bdf6-957c105cd164"", ""315e03f9-1a4e-4751-b49f-6ce3afe5ae94"", ""627950c6-69d0-48f6-9749-c89f41368574"", ""de446757-a688-4147-a171-5f22b869b0cf"", ""df738b42-2532-4746-bc0e-a20873dc3cee""]",Afraid of spiders
Which two edible plants thrive on my balcony garden?,I grow basil and mint on my balcony.,908a738e-0a85-407c-ab0c-ea31bdd8da85,1,"[""908a738e-0a85-407c-ab0c-ea31bdd8da85"", ""58f5c583-42b5-4d56-8511-ee63cbbaa8c2"", ""08fe65cd-a3a3-4b2f-b573-dc7ce0dcdbcb"", ""df738b42-2532-4746-bc0e-a20873dc3cee"", ""d62d8091-3c4b-4921-8fdf-9156a1c5949f""]",Grows basil and mint on their balcony
Which wearable gadget do I rely on to analyse my sleep cycles?,I track sleep with a smart‑watch.,cdb5e73b-2f58-421c-a393-bcd4ed61de81,1,"[""cdb5e73b-2f58-421c-a393-bcd4ed61de81"", ""0f8da319-108d-49a7-aaee-924610f7dcca"", ""b0875a41-1bbd-4980-95b3-86d0f03f09f6"", ""36661840-3c48-422b-b073-1309661dd283"", ""53686ac5-f085-48f8-98c6-83fc912f38ec""]",Tracks sleep with a smart-watch
What breed of dog named Oliver did I adopt?,I adopted a beagle named Oliver.,de446757-a688-4147-a171-5f22b869b0cf,1,"[""de446757-a688-4147-a171-5f22b869b0cf"", ""627950c6-69d0-48f6-9749-c89f41368574"", ""df738b42-2532-4746-bc0e-a20873dc3cee"", ""97d1b015-8708-45c9-a18d-4132636c2af4"", ""b4fcd080-6f19-4451-9f1b-ad6c2c4db495""]",Has a pet beagle named Oliver
Which weekly publication covering global affairs do I read religiously?,I read The Economist weekly.,59bf44dd-5922-4486-b3ca-d00ef9d155e2,1,"[""59bf44dd-5922-4486-b3ca-d00ef9d155e2"", ""053e462a-3993-4317-a58a-9950fc102296"", ""53686ac5-f085-48f8-98c6-83fc912f38ec"", ""fa973dc5-710a-492f-8f5a-4b8e26e4edc3"", ""f753b605-fed3-46b9-beda-adade1233185""]",Reads The Economist weekly
Which winter sport am I planning to learn next season?,I plan to learn snowboarding next winter.,13ea4654-2857-44b2-8ffb-342718abc1c6,1,"[""13ea4654-2857-44b2-8ffb-342718abc1c6"", ""2a7b4eee-3ef1-4e2b-a6b9-8ac8f0f6ddff"", ""51c5137f-1956-4435-b663-958dcc074db4"", ""260aa2bb-229d-4357-b7bd-84bf9231bbb6"", ""d9c814ac-8809-4550-9b3c-941da3a8ef6f""]",Plans to learn snowboarding next winter
